[{"model": "contenttypes.contenttype", "pk": 1, "fields": {"app_label": "admin", "model": "logentry"}}, {"model": "contenttypes.contenttype", "pk": 2, "fields": {"app_label": "auth", "model": "permission"}}, {"model": "contenttypes.contenttype", "pk": 3, "fields": {"app_label": "auth", "model": "group"}}, {"model": "contenttypes.contenttype", "pk": 4, "fields": {"app_label": "contenttypes", "model": "contenttype"}}, {"model": "contenttypes.contenttype", "pk": 5, "fields": {"app_label": "sessions", "model": "session"}}, {"model": "contenttypes.contenttype", "pk": 6, "fields": {"app_label": "authtoken", "model": "token"}}, {"model": "contenttypes.contenttype", "pk": 7, "fields": {"app_label": "home_seller_app", "model": "user"}}, {"model": "contenttypes.contenttype", "pk": 8, "fields": {"app_label": "home_seller_app", "model": "agent"}}, {"model": "contenttypes.contenttype", "pk": 9, "fields": {"app_label": "home_seller_app", "model": "city"}}, {"model": "contenttypes.contenttype", "pk": 10, "fields": {"app_label": "home_seller_app", "model": "client"}}, {"model": "contenttypes.contenttype", "pk": 11, "fields": {"app_label": "home_seller_app", "model": "country"}}, {"model": "contenttypes.contenttype", "pk": 12, "fields": {"app_label": "home_seller_app", "model": "image"}}, {"model": "contenttypes.contenttype", "pk": 13, "fields": {"app_label": "home_seller_app", "model": "location"}}, {"model": "contenttypes.contenttype", "pk": 14, "fields": {"app_label": "home_seller_app", "model": "owner"}}, {"model": "contenttypes.contenttype", "pk": 15, "fields": {"app_label": "home_seller_app", "model": "property"}}, {"model": "contenttypes.contenttype", "pk": 16, "fields": {"app_label": "home_seller_app", "model": "userverification"}}, {"model": "contenttypes.contenttype", "pk": 17, "fields": {"app_label": "home_seller_app", "model": "userresetverification"}}, {"model": "contenttypes.contenttype", "pk": 18, "fields": {"app_label": "home_seller_app", "model": "suggestions"}}, {"model": "contenttypes.contenttype", "pk": 19, "fields": {"app_label": "home_seller_app", "model": "street"}}, {"model": "contenttypes.contenttype", "pk": 20, "fields": {"app_label": "home_seller_app", "model": "state"}}, {"model": "contenttypes.contenttype", "pk": 21, "fields": {"app_label": "home_seller_app", "model": "incharge"}}, {"model": "contenttypes.contenttype", "pk": 22, "fields": {"app_label": "home_seller_app", "model": "contact"}}, {"model": "contenttypes.contenttype", "pk": 23, "fields": {"app_label": "home_seller_app", "model": "userbookmark"}}, {"model": "sessions.session", "pk": "5pvtc5dciw2bpdoc1zlapat0sxhk02zx", "fields": {"session_data": "ZjYwZWYxYmYzYTgxOGMyNjVkYTU5ZjZiODIwZThkZjM1ZGVhNGI3ZTp7Il9hdXRoX3VzZXJfaWQiOiIxIiwiX2F1dGhfdXNlcl9iYWNrZW5kIjoiZGphbmdvLmNvbnRyaWIuYXV0aC5iYWNrZW5kcy5Nb2RlbEJhY2tlbmQiLCJfYXV0aF91c2VyX2hhc2giOiI3NWE1NTMxOTFjZGQ4MjhjZGE3NDA0Y2Q2ZDY2MmRjMTkzNWE2YTY4In0=", "expire_date": "2020-06-10T08:57:30.521Z"}}, {"model": "home_seller_app.image", "pk": 1, "fields": {"url": "https://vignette.wikia.nocookie.net/suits/images/d/da/S8_Harvey_Specter.jpg/revision/latest/top-crop/width/360/height/360?cb=20180731195449", "image": ""}}, {"model": "home_seller_app.image", "pk": 2, "fields": {"url": "https://laelegantia.com/wp-content/uploads/2016/02/jessica-pearson-suits-black-dress.jpg", "image": ""}}, {"model": "home_seller_app.image", "pk": 3, "fields": {"url": "https://images.totalbeauty.com/content/photos/10_Suits_meghan_markle.jpg", "image": ""}}, {"model": "home_seller_app.image", "pk": 4, "fields": {"url": "https://us.experteer.com/wp-content/uploads/2016/03/shutterstock_Why-Did-You-Leave-Your-Last-Position.jpg", "image": ""}}, {"model": "home_seller_app.image", "pk": 5, "fields": {"url": "https://www.how2become.com/wp-content/uploads/2019/04/Receptionist-Interview-Questions-and-Answers-Featured.jpg", "image": ""}}, {"model": "home_seller_app.image", "pk": 6, "fields": {"url": "https://www.proresumecenter.com/wp-content/uploads/2018/07/iStock-804671398.jpg", "image": ""}}, {"model": "home_seller_app.image", "pk": 7, "fields": {"url": "https://g.foolcdn.com/image/?url=https%3A%2F%2Fg.foolcdn.com%2Feditorial%2Fimages%2F529076%2Fjob-interview_gettyimages-623448940.jpg&w=700&op=resize", "image": ""}}, {"model": "home_seller_app.image", "pk": 8, "fields": {"url": "https://www.thebalance.com/thmb/euGqBm12Xi36h5NUVJvp95m0mhA=/2001x1501/filters:fill(auto,1)/56529158-56a493d15f9b58b7d0d7a4d4.jpg", "image": ""}}, {"model": "home_seller_app.image", "pk": 9, "fields": {"url": "", "image": "images/download_kJPsYIy.png"}}, {"model": "home_seller_app.image", "pk": 10, "fields": {"url": "", "image": "images/download_B6NSMRG.png"}}, {"model": "home_seller_app.image", "pk": 11, "fields": {"url": "", "image": "images/download_oXEhmo0.png"}}, {"model": "home_seller_app.image", "pk": 12, "fields": {"url": "https://photos.zillowstatic.com/cc_ft_384/ISvcdbta0pq4rb0000000000.webp", "image": ""}}, {"model": "home_seller_app.image", "pk": 13, "fields": {"url": "https://photos.zillowstatic.com/cc_ft_384/ISvcdbta0pq4rb0000000000.webp", "image": ""}}, {"model": "home_seller_app.image", "pk": 14, "fields": {"url": "https://photos.zillowstatic.com/cc_ft_384/ISbphztn857zqb0000000000.webp", "image": ""}}, {"model": "home_seller_app.image", "pk": 15, "fields": {"url": "https://photos.zillowstatic.com/cc_ft_384/ISjvjbcucdfwqb0000000000.webp", "image": ""}}, {"model": "home_seller_app.image", "pk": 16, "fields": {"url": "https://photos.zillowstatic.com/cc_ft_384/ISz7ozc7ltvqqb0000000000.webp", "image": ""}}, {"model": "home_seller_app.image", "pk": 17, "fields": {"url": "", "image": "images/download_JH6JTLb.png"}}, {"model": "home_seller_app.image", "pk": 18, "fields": {"url": "", "image": "images/download_G9uXZwk.png"}}, {"model": "home_seller_app.image", "pk": 19, "fields": {"url": "", "image": "images/download_TJMZXnv.png"}}, {"model": "home_seller_app.image", "pk": 20, "fields": {"url": "https://www.williamsburgllc.com/wp-content/uploads/slider-1_D17059-0796_01-web.jpg", "image": ""}}, {"model": "home_seller_app.image", "pk": 21, "fields": {"url": "https://www.williamsburgllc.com/wp-content/uploads/slider-1_D17059-0796_01-web.jpg", "image": ""}}, {"model": "home_seller_app.image", "pk": 22, "fields": {"url": "https://photos.zillowstatic.com/cc_ft_768/ISvoapzukkbchv0000000000.webp", "image": ""}}, {"model": "home_seller_app.image", "pk": 23, "fields": {"url": "https://photos.zillowstatic.com/cc_ft_768/ISvoapzukkbchv0000000000.webp", "image": ""}}, {"model": "home_seller_app.image", "pk": 24, "fields": {"url": "https://photos.zillowstatic.com/cc_ft_384/ISrll8mqmuy08v0000000000.webp", "image": ""}}, {"model": "home_seller_app.image", "pk": 25, "fields": {"url": "https://photos.zillowstatic.com/cc_ft_384/ISjfjw3kimq38v0000000000.webp", "image": ""}}, {"model": "home_seller_app.image", "pk": 26, "fields": {"url": "https://photos.zillowstatic.com/cc_ft_384/IS7msededckquv0000000000.webp", "image": ""}}, {"model": "home_seller_app.user", "pk": 1, "fields": {"password": "pbkdf2_sha256$180000$V3OKVqn8vuUX$KYCh7uRQ0z9m5HJlXG4gIPoluxX6qSf7iIkufHTQrKk=", "last_login": "2020-05-27T08:57:30.510Z", "email": "seifgarrese.developer@gmail.com", "full_name": "Seif Gharres", "is_active": true, "is_admin": true, "type": "cl", "creation_date": "2020-05-27T08:57:14.919Z"}}, {"model": "home_seller_app.country", "pk": 1, "fields": {"code": "tn", "name": "Tunisia", "currency": "TND"}}, {"model": "home_seller_app.country", "pk": 2, "fields": {"code": "US", "name": "Usa", "currency": "$"}}, {"model": "home_seller_app.state", "pk": 1, "fields": {"code": "mn", "name": "Monastir", "country": 1}}, {"model": "home_seller_app.state", "pk": 2, "fields": {"code": "mh", "name": "Mahdia", "country": 1}}, {"model": "home_seller_app.state", "pk": 3, "fields": {"code": "CA", "name": "California", "country": 2}}, {"model": "home_seller_app.city", "pk": 1, "fields": {"name": "Sayada", "latitude": "35.67000000", "longitude": "10.90000000", "state": 1, "postal_code": "5035"}}, {"model": "home_seller_app.city", "pk": 2, "fields": {"name": "Bouhjar", "latitude": "35.60000000", "longitude": "10.86000000", "state": 1, "postal_code": "5035"}}, {"model": "home_seller_app.city", "pk": 3, "fields": {"name": "Eljam", "latitude": "35.31806000", "longitude": "10.75165100", "state": 2, "postal_code": "5160"}}, {"model": "home_seller_app.city", "pk": 4, "fields": {"name": "Los Angeles", "latitude": "34.01447000", "longitude": "-118.31830000", "state": 3, "postal_code": "9001"}}, {"model": "home_seller_app.city", "pk": 5, "fields": {"name": "San francisco", "latitude": "34.01440004", "longitude": "-118.31829997", "state": 3, "postal_code": "9200"}}, {"model": "home_seller_app.street", "pk": 1, "fields": {"name": "74 Crestline Dr", "city": 5, "latitude": "37.75188200", "longitude": "-122.44498000", "is_verified": true, "search_vector": "'74':1 '9200':6 'california':7 'crestlin':2 'dr':3 'francisco':5 'san':4 'usa':8"}}, {"model": "home_seller_app.street", "pk": 2, "fields": {"name": "Al basatin street", "city": 1, "latitude": "35.67000000", "longitude": "10.90000000", "is_verified": true, "search_vector": "'5035':5 'al':1 'basatin':2 'monastir':6 'sayada':4 'street':3 'tunisia':7"}}, {"model": "home_seller_app.location", "pk": 1, "fields": {"name": "", "street": 1, "latitude": "37.75188200", "longitude": "-122.44498000"}}, {"model": "home_seller_app.location", "pk": 2, "fields": {"name": "", "street": 2, "latitude": "35.67000000", "longitude": "10.90000000"}}, {"model": "home_seller_app.owner", "pk": 1, "fields": {"full_name": "Seif Gharres", "email": "seifgarrese2@gmail.com", "phone": "+216 55 456 454", "message": "", "creation_date": "2020-05-27T16:12:18.807Z"}}, {"model": "home_seller_app.owner", "pk": 2, "fields": {"full_name": "Seif Gharres", "email": "seifgarrese2@gmail.com", "phone": "+216 54 456 456", "message": "", "creation_date": "2020-05-27T16:33:34.050Z"}}, {"model": "home_seller_app.property", "pk": 1, "fields": {"name": "Top of the World Panoramic Views of SF Bay", "description": "Top of the World Panoramic Views of SF Bay on the East and Nature Reserve Views on the West. Highest Views have provided the highest rents in the area; still there's lots of room for large value-add opportunity in Rents and especially Other Income. Call for Offering Memorandum and 10 year Analysis Beautiful Virtual Tour attached. Roof preventative maintenance and carport painting completed after virtual tour.", "location": 1, "main_image": 14, "build_year": 2000, "price": "720000.00", "property_type": "ap", "is_furnished": false, "has_swimming_pool": false, "has_heating_and_colling": true, "balconies_number": 0, "bedrooms_number": 3, "bathrooms_number": 1, "parking_spaces_number": 1, "garages_number": 1, "floor_space": "100.00", "owner": 1, "status": "fs", "is_verified": true, "creation_date": "2020-05-27T16:12:19Z", "images": [13, 14, 15, 16]}}, {"model": "home_seller_app.property", "pk": 2, "fields": {"name": "A nice home in sayada city", "description": "Lorem Ipsum is simply dummy text of the printing and typesetting industry. Lorem Ipsum has been the industry's standard dummy text ever since the 1500s, when an unknown printer took a galley of type and scrambled it to make a type specimen book.", "location": 2, "main_image": 22, "build_year": 2000, "price": "250000.00", "property_type": "mf", "is_furnished": true, "has_swimming_pool": false, "has_heating_and_colling": true, "balconies_number": 0, "bedrooms_number": 3, "bathrooms_number": 1, "parking_spaces_number": 1, "garages_number": 1, "floor_space": "100.00", "owner": 2, "status": "fs", "is_verified": true, "creation_date": "2020-05-27T16:33:34Z", "images": [23, 24, 25, 26]}}, {"model": "home_seller_app.suggestions", "pk": 1, "fields": {"property": 1, "suggestions": [2]}}, {"model": "home_seller_app.suggestions", "pk": 2, "fields": {"property": 2, "suggestions": [1]}}, {"model": "home_seller_app.agent", "pk": 1, "fields": {"first_name": "Mark", "last_name": "Fernardo", "image": 1, "email": "mark.fernardo@gmail.com", "birth": "1990-05-27", "phone": "+216 56 567 123", "city": 1, "address": "Rue assad ebn al fourat Sayada, Monastir", "creation_date": "2020-05-27T09:00:01Z"}}, {"model": "home_seller_app.agent", "pk": 2, "fields": {"first_name": "Elisa", "last_name": "Key", "image": 2, "email": "elisa.key@gmail.com", "birth": "1992-05-27", "phone": "+216 22 123 789", "city": 4, "address": "Rue Bourguiba Bouhjar, Monastir", "creation_date": "2020-05-27T09:08:54Z"}}, {"model": "home_seller_app.agent", "pk": 3, "fields": {"first_name": "Rita", "last_name": "Row", "image": 3, "email": "rita.row313@gmail.com", "birth": "1999-05-27", "phone": "+216 92 456 123", "city": 4, "address": "appartement elmounir  10 ,eljam, mahdia, tunisia", "creation_date": "2020-05-27T09:14:20Z"}}, {"model": "home_seller_app.agent", "pk": 4, "fields": {"first_name": "Alan", "last_name": "Pirder", "image": 4, "email": "alan.pirder@gmail.com", "birth": "1997-05-27", "phone": "+216 56 568 890", "city": 1, "address": "Rue assad eb al fourat", "creation_date": "2020-05-27T15:42:29Z"}}, {"model": "home_seller_app.agent", "pk": 5, "fields": {"first_name": "Engi", "last_name": "Rasher", "image": 5, "email": "engi.rasher@gmail.com", "birth": "1989-05-27", "phone": "+216 22 345 678", "city": 3, "address": "no address", "creation_date": "2020-05-27T15:47:33Z"}}, {"model": "home_seller_app.agent", "pk": 6, "fields": {"first_name": "Brad", "last_name": "Traversy", "image": 6, "email": "brad.traversy@gmail.com", "birth": "2000-05-27", "phone": "+216 56 437 899", "city": 4, "address": "some address", "creation_date": "2020-05-27T15:49:47Z"}}, {"model": "home_seller_app.agent", "pk": 7, "fields": {"first_name": "Lane", "last_name": "Aura", "image": 7, "email": "lane.aura@gmail.com", "birth": "1995-05-27", "phone": "+216 123 567", "city": 5, "address": "some address", "creation_date": "2020-05-27T15:56:56Z"}}, {"model": "home_seller_app.agent", "pk": 8, "fields": {"first_name": "Keyn", "last_name": "Morker", "image": 8, "email": "keyn.morker@gmail.com", "birth": "1980-05-27", "phone": "+216 59 567 340", "city": 5, "address": "short address", "creation_date": "2020-05-27T16:01:25Z"}}, {"model": "home_seller_app.incharge", "pk": 1, "fields": {"property": 1, "agent": 1, "date_from": "2020-05-27", "date_to": "2021-11-30", "creation_date": "2020-05-27T16:19:47Z"}}, {"model": "home_seller_app.incharge", "pk": 2, "fields": {"property": 2, "agent": 4, "date_from": "2020-05-27", "date_to": "2021-06-18", "creation_date": "2020-05-27T16:39:57Z"}}, {"model": "authtoken.token", "pk": "789868f6c1b9c4397c8609dd0b1a3cde8ce751ec", "fields": {"user": 1, "created": "2020-05-28T23:28:33.692Z"}}, {"model": "auth.permission", "pk": 1, "fields": {"name": "Can add log entry", "content_type": 1, "codename": "add_logentry"}}, {"model": "auth.permission", "pk": 2, "fields": {"name": "Can change log entry", "content_type": 1, "codename": "change_logentry"}}, {"model": "auth.permission", "pk": 3, "fields": {"name": "Can delete log entry", "content_type": 1, "codename": "delete_logentry"}}, {"model": "auth.permission", "pk": 4, "fields": {"name": "Can view log entry", "content_type": 1, "codename": "view_logentry"}}, {"model": "auth.permission", "pk": 5, "fields": {"name": "Can add permission", "content_type": 2, "codename": "add_permission"}}, {"model": "auth.permission", "pk": 6, "fields": {"name": "Can change permission", "content_type": 2, "codename": "change_permission"}}, {"model": "auth.permission", "pk": 7, "fields": {"name": "Can delete permission", "content_type": 2, "codename": "delete_permission"}}, {"model": "auth.permission", "pk": 8, "fields": {"name": "Can view permission", "content_type": 2, "codename": "view_permission"}}, {"model": "auth.permission", "pk": 9, "fields": {"name": "Can add group", "content_type": 3, "codename": "add_group"}}, {"model": "auth.permission", "pk": 10, "fields": {"name": "Can change group", "content_type": 3, "codename": "change_group"}}, {"model": "auth.permission", "pk": 11, "fields": {"name": "Can delete group", "content_type": 3, "codename": "delete_group"}}, {"model": "auth.permission", "pk": 12, "fields": {"name": "Can view group", "content_type": 3, "codename": "view_group"}}, {"model": "auth.permission", "pk": 13, "fields": {"name": "Can add content type", "content_type": 4, "codename": "add_contenttype"}}, {"model": "auth.permission", "pk": 14, "fields": {"name": "Can change content type", "content_type": 4, "codename": "change_contenttype"}}, {"model": "auth.permission", "pk": 15, "fields": {"name": "Can delete content type", "content_type": 4, "codename": "delete_contenttype"}}, {"model": "auth.permission", "pk": 16, "fields": {"name": "Can view content type", "content_type": 4, "codename": "view_contenttype"}}, {"model": "auth.permission", "pk": 17, "fields": {"name": "Can add session", "content_type": 5, "codename": "add_session"}}, {"model": "auth.permission", "pk": 18, "fields": {"name": "Can change session", "content_type": 5, "codename": "change_session"}}, {"model": "auth.permission", "pk": 19, "fields": {"name": "Can delete session", "content_type": 5, "codename": "delete_session"}}, {"model": "auth.permission", "pk": 20, "fields": {"name": "Can view session", "content_type": 5, "codename": "view_session"}}, {"model": "auth.permission", "pk": 21, "fields": {"name": "Can add Token", "content_type": 6, "codename": "add_token"}}, {"model": "auth.permission", "pk": 22, "fields": {"name": "Can change Token", "content_type": 6, "codename": "change_token"}}, {"model": "auth.permission", "pk": 23, "fields": {"name": "Can delete Token", "content_type": 6, "codename": "delete_token"}}, {"model": "auth.permission", "pk": 24, "fields": {"name": "Can view Token", "content_type": 6, "codename": "view_token"}}, {"model": "auth.permission", "pk": 25, "fields": {"name": "Can add user", "content_type": 7, "codename": "add_user"}}, {"model": "auth.permission", "pk": 26, "fields": {"name": "Can change user", "content_type": 7, "codename": "change_user"}}, {"model": "auth.permission", "pk": 27, "fields": {"name": "Can delete user", "content_type": 7, "codename": "delete_user"}}, {"model": "auth.permission", "pk": 28, "fields": {"name": "Can view user", "content_type": 7, "codename": "view_user"}}, {"model": "auth.permission", "pk": 29, "fields": {"name": "Can add agent", "content_type": 8, "codename": "add_agent"}}, {"model": "auth.permission", "pk": 30, "fields": {"name": "Can change agent", "content_type": 8, "codename": "change_agent"}}, {"model": "auth.permission", "pk": 31, "fields": {"name": "Can delete agent", "content_type": 8, "codename": "delete_agent"}}, {"model": "auth.permission", "pk": 32, "fields": {"name": "Can view agent", "content_type": 8, "codename": "view_agent"}}, {"model": "auth.permission", "pk": 33, "fields": {"name": "Can add city", "content_type": 9, "codename": "add_city"}}, {"model": "auth.permission", "pk": 34, "fields": {"name": "Can change city", "content_type": 9, "codename": "change_city"}}, {"model": "auth.permission", "pk": 35, "fields": {"name": "Can delete city", "content_type": 9, "codename": "delete_city"}}, {"model": "auth.permission", "pk": 36, "fields": {"name": "Can view city", "content_type": 9, "codename": "view_city"}}, {"model": "auth.permission", "pk": 37, "fields": {"name": "Can add client", "content_type": 10, "codename": "add_client"}}, {"model": "auth.permission", "pk": 38, "fields": {"name": "Can change client", "content_type": 10, "codename": "change_client"}}, {"model": "auth.permission", "pk": 39, "fields": {"name": "Can delete client", "content_type": 10, "codename": "delete_client"}}, {"model": "auth.permission", "pk": 40, "fields": {"name": "Can view client", "content_type": 10, "codename": "view_client"}}, {"model": "auth.permission", "pk": 41, "fields": {"name": "Can add country", "content_type": 11, "codename": "add_country"}}, {"model": "auth.permission", "pk": 42, "fields": {"name": "Can change country", "content_type": 11, "codename": "change_country"}}, {"model": "auth.permission", "pk": 43, "fields": {"name": "Can delete country", "content_type": 11, "codename": "delete_country"}}, {"model": "auth.permission", "pk": 44, "fields": {"name": "Can view country", "content_type": 11, "codename": "view_country"}}, {"model": "auth.permission", "pk": 45, "fields": {"name": "Can add image", "content_type": 12, "codename": "add_image"}}, {"model": "auth.permission", "pk": 46, "fields": {"name": "Can change image", "content_type": 12, "codename": "change_image"}}, {"model": "auth.permission", "pk": 47, "fields": {"name": "Can delete image", "content_type": 12, "codename": "delete_image"}}, {"model": "auth.permission", "pk": 48, "fields": {"name": "Can view image", "content_type": 12, "codename": "view_image"}}, {"model": "auth.permission", "pk": 49, "fields": {"name": "Can add location", "content_type": 13, "codename": "add_location"}}, {"model": "auth.permission", "pk": 50, "fields": {"name": "Can change location", "content_type": 13, "codename": "change_location"}}, {"model": "auth.permission", "pk": 51, "fields": {"name": "Can delete location", "content_type": 13, "codename": "delete_location"}}, {"model": "auth.permission", "pk": 52, "fields": {"name": "Can view location", "content_type": 13, "codename": "view_location"}}, {"model": "auth.permission", "pk": 53, "fields": {"name": "Can add owner", "content_type": 14, "codename": "add_owner"}}, {"model": "auth.permission", "pk": 54, "fields": {"name": "Can change owner", "content_type": 14, "codename": "change_owner"}}, {"model": "auth.permission", "pk": 55, "fields": {"name": "Can delete owner", "content_type": 14, "codename": "delete_owner"}}, {"model": "auth.permission", "pk": 56, "fields": {"name": "Can view owner", "content_type": 14, "codename": "view_owner"}}, {"model": "auth.permission", "pk": 57, "fields": {"name": "Can add property", "content_type": 15, "codename": "add_property"}}, {"model": "auth.permission", "pk": 58, "fields": {"name": "Can change property", "content_type": 15, "codename": "change_property"}}, {"model": "auth.permission", "pk": 59, "fields": {"name": "Can delete property", "content_type": 15, "codename": "delete_property"}}, {"model": "auth.permission", "pk": 60, "fields": {"name": "Can view property", "content_type": 15, "codename": "view_property"}}, {"model": "auth.permission", "pk": 61, "fields": {"name": "Can add user verification", "content_type": 16, "codename": "add_userverification"}}, {"model": "auth.permission", "pk": 62, "fields": {"name": "Can change user verification", "content_type": 16, "codename": "change_userverification"}}, {"model": "auth.permission", "pk": 63, "fields": {"name": "Can delete user verification", "content_type": 16, "codename": "delete_userverification"}}, {"model": "auth.permission", "pk": 64, "fields": {"name": "Can view user verification", "content_type": 16, "codename": "view_userverification"}}, {"model": "auth.permission", "pk": 65, "fields": {"name": "Can add user reset verification", "content_type": 17, "codename": "add_userresetverification"}}, {"model": "auth.permission", "pk": 66, "fields": {"name": "Can change user reset verification", "content_type": 17, "codename": "change_userresetverification"}}, {"model": "auth.permission", "pk": 67, "fields": {"name": "Can delete user reset verification", "content_type": 17, "codename": "delete_userresetverification"}}, {"model": "auth.permission", "pk": 68, "fields": {"name": "Can view user reset verification", "content_type": 17, "codename": "view_userresetverification"}}, {"model": "auth.permission", "pk": 69, "fields": {"name": "Can add suggestions", "content_type": 18, "codename": "add_suggestions"}}, {"model": "auth.permission", "pk": 70, "fields": {"name": "Can change suggestions", "content_type": 18, "codename": "change_suggestions"}}, {"model": "auth.permission", "pk": 71, "fields": {"name": "Can delete suggestions", "content_type": 18, "codename": "delete_suggestions"}}, {"model": "auth.permission", "pk": 72, "fields": {"name": "Can view suggestions", "content_type": 18, "codename": "view_suggestions"}}, {"model": "auth.permission", "pk": 73, "fields": {"name": "Can add street", "content_type": 19, "codename": "add_street"}}, {"model": "auth.permission", "pk": 74, "fields": {"name": "Can change street", "content_type": 19, "codename": "change_street"}}, {"model": "auth.permission", "pk": 75, "fields": {"name": "Can delete street", "content_type": 19, "codename": "delete_street"}}, {"model": "auth.permission", "pk": 76, "fields": {"name": "Can view street", "content_type": 19, "codename": "view_street"}}, {"model": "auth.permission", "pk": 77, "fields": {"name": "Can add state", "content_type": 20, "codename": "add_state"}}, {"model": "auth.permission", "pk": 78, "fields": {"name": "Can change state", "content_type": 20, "codename": "change_state"}}, {"model": "auth.permission", "pk": 79, "fields": {"name": "Can delete state", "content_type": 20, "codename": "delete_state"}}, {"model": "auth.permission", "pk": 80, "fields": {"name": "Can view state", "content_type": 20, "codename": "view_state"}}, {"model": "auth.permission", "pk": 81, "fields": {"name": "Can add in charge", "content_type": 21, "codename": "add_incharge"}}, {"model": "auth.permission", "pk": 82, "fields": {"name": "Can change in charge", "content_type": 21, "codename": "change_incharge"}}, {"model": "auth.permission", "pk": 83, "fields": {"name": "Can delete in charge", "content_type": 21, "codename": "delete_incharge"}}, {"model": "auth.permission", "pk": 84, "fields": {"name": "Can view in charge", "content_type": 21, "codename": "view_incharge"}}, {"model": "auth.permission", "pk": 85, "fields": {"name": "Can add contact", "content_type": 22, "codename": "add_contact"}}, {"model": "auth.permission", "pk": 86, "fields": {"name": "Can change contact", "content_type": 22, "codename": "change_contact"}}, {"model": "auth.permission", "pk": 87, "fields": {"name": "Can delete contact", "content_type": 22, "codename": "delete_contact"}}, {"model": "auth.permission", "pk": 88, "fields": {"name": "Can view contact", "content_type": 22, "codename": "view_contact"}}, {"model": "auth.permission", "pk": 89, "fields": {"name": "Can add user bookmark", "content_type": 23, "codename": "add_userbookmark"}}, {"model": "auth.permission", "pk": 90, "fields": {"name": "Can change user bookmark", "content_type": 23, "codename": "change_userbookmark"}}, {"model": "auth.permission", "pk": 91, "fields": {"name": "Can delete user bookmark", "content_type": 23, "codename": "delete_userbookmark"}}, {"model": "auth.permission", "pk": 92, "fields": {"name": "Can view user bookmark", "content_type": 23, "codename": "view_userbookmark"}}, {"model": "admin.logentry", "pk": 1, "fields": {"action_time": "2020-05-27T09:03:30.154Z", "user": 1, "content_type": 12, "object_id": "1", "object_repr": "https://vignette.wikia.nocookie.net/suits/images/d/da/S8_Harvey_Specter.jpg/revision/latest/top-crop/width/360/height/360?cb=20180731195449", "action_flag": 1, "change_message": "[{\"added\": {}}]"}}, {"model": "admin.logentry", "pk": 2, "fields": {"action_time": "2020-05-27T09:05:14.832Z", "user": 1, "content_type": 11, "object_id": "1", "object_repr": "tn : Tunisia", "action_flag": 1, "change_message": "[{\"added\": {}}]"}}, {"model": "admin.logentry", "pk": 3, "fields": {"action_time": "2020-05-27T09:05:17.444Z", "user": 1, "content_type": 20, "object_id": "1", "object_repr": "mn : Monastir", "action_flag": 1, "change_message": "[{\"added\": {}}]"}}, {"model": "admin.logentry", "pk": 4, "fields": {"action_time": "2020-05-27T09:07:30.525Z", "user": 1, "content_type": 9, "object_id": "1", "object_repr": "Sayada, Monastir, Tunisia", "action_flag": 1, "change_message": "[{\"added\": {}}]"}}, {"model": "admin.logentry", "pk": 5, "fields": {"action_time": "2020-05-27T09:08:23.822Z", "user": 1, "content_type": 8, "object_id": "1", "object_repr": "Mark Fernardo", "action_flag": 1, "change_message": "[{\"added\": {}}]"}}, {"model": "admin.logentry", "pk": 6, "fields": {"action_time": "2020-05-27T09:10:55.002Z", "user": 1, "content_type": 12, "object_id": "2", "object_repr": "https://laelegantia.com/wp-content/uploads/2016/02/jessica-pearson-suits-black-dress.jpg", "action_flag": 1, "change_message": "[{\"added\": {}}]"}}, {"model": "admin.logentry", "pk": 7, "fields": {"action_time": "2020-05-27T09:13:12.505Z", "user": 1, "content_type": 9, "object_id": "2", "object_repr": "Bouhjar, Monastir, Tunisia", "action_flag": 1, "change_message": "[{\"added\": {}}]"}}, {"model": "admin.logentry", "pk": 8, "fields": {"action_time": "2020-05-27T09:13:40.578Z", "user": 1, "content_type": 8, "object_id": "2", "object_repr": "Elisa Key", "action_flag": 1, "change_message": "[{\"added\": {}}]"}}, {"model": "admin.logentry", "pk": 9, "fields": {"action_time": "2020-05-27T09:16:10.626Z", "user": 1, "content_type": 12, "object_id": "3", "object_repr": "https://images.totalbeauty.com/content/photos/10_Suits_meghan_markle.jpg", "action_flag": 1, "change_message": "[{\"added\": {}}]"}}, {"model": "admin.logentry", "pk": 10, "fields": {"action_time": "2020-05-27T09:19:28.162Z", "user": 1, "content_type": 20, "object_id": "2", "object_repr": "mh : Mahdia", "action_flag": 1, "change_message": "[{\"added\": {}}]"}}, {"model": "admin.logentry", "pk": 11, "fields": {"action_time": "2020-05-27T09:20:48.645Z", "user": 1, "content_type": 9, "object_id": "3", "object_repr": "Eljam, Mahdia, Tunisia", "action_flag": 1, "change_message": "[{\"added\": {}}]"}}, {"model": "admin.logentry", "pk": 12, "fields": {"action_time": "2020-05-27T09:20:56.654Z", "user": 1, "content_type": 8, "object_id": "3", "object_repr": "Rita Row", "action_flag": 1, "change_message": "[{\"added\": {}}]"}}, {"model": "admin.logentry", "pk": 13, "fields": {"action_time": "2020-05-27T09:21:39.696Z", "user": 1, "content_type": 8, "object_id": "3", "object_repr": "Rita Row", "action_flag": 2, "change_message": "[{\"changed\": {\"fields\": [\"Address\"]}}]"}}, {"model": "admin.logentry", "pk": 14, "fields": {"action_time": "2020-05-27T15:46:04.940Z", "user": 1, "content_type": 12, "object_id": "4", "object_repr": "https://us.experteer.com/wp-content/uploads/2016/03/shutterstock_Why-Did-You-Leave-Your-Last-Position.jpg", "action_flag": 1, "change_message": "[{\"added\": {}}]"}}, {"model": "admin.logentry", "pk": 15, "fields": {"action_time": "2020-05-27T15:46:56.031Z", "user": 1, "content_type": 8, "object_id": "4", "object_repr": "Alan Pirder", "action_flag": 1, "change_message": "[{\"added\": {}}]"}}, {"model": "admin.logentry", "pk": 16, "fields": {"action_time": "2020-05-27T15:47:51.199Z", "user": 1, "content_type": 12, "object_id": "5", "object_repr": "https://www.how2become.com/wp-content/uploads/2019/04/Receptionist-Interview-Questions-and-Answers-Featured.jpg", "action_flag": 1, "change_message": "[{\"added\": {}}]"}}, {"model": "admin.logentry", "pk": 17, "fields": {"action_time": "2020-05-27T15:48:44.436Z", "user": 1, "content_type": 8, "object_id": "5", "object_repr": "Engi Rasher", "action_flag": 1, "change_message": "[{\"added\": {}}]"}}, {"model": "admin.logentry", "pk": 18, "fields": {"action_time": "2020-05-27T15:50:18.741Z", "user": 1, "content_type": 12, "object_id": "6", "object_repr": "https://www.proresumecenter.com/wp-content/uploads/2018/07/iStock-804671398.jpg", "action_flag": 1, "change_message": "[{\"added\": {}}]"}}, {"model": "admin.logentry", "pk": 19, "fields": {"action_time": "2020-05-27T15:54:19.810Z", "user": 1, "content_type": 11, "object_id": "2", "object_repr": "US : Usa", "action_flag": 1, "change_message": "[{\"added\": {}}]"}}, {"model": "admin.logentry", "pk": 20, "fields": {"action_time": "2020-05-27T15:54:22.414Z", "user": 1, "content_type": 20, "object_id": "3", "object_repr": "CA : California", "action_flag": 1, "change_message": "[{\"added\": {}}]"}}, {"model": "admin.logentry", "pk": 21, "fields": {"action_time": "2020-05-27T15:54:53.326Z", "user": 1, "content_type": 9, "object_id": "4", "object_repr": "Los Angeles, California, Usa", "action_flag": 1, "change_message": "[{\"added\": {}}]"}}, {"model": "admin.logentry", "pk": 22, "fields": {"action_time": "2020-05-27T15:55:07.161Z", "user": 1, "content_type": 8, "object_id": "6", "object_repr": "Brad Traversy", "action_flag": 1, "change_message": "[{\"added\": {}}]"}}, {"model": "admin.logentry", "pk": 23, "fields": {"action_time": "2020-05-27T15:55:23.215Z", "user": 1, "content_type": 8, "object_id": "3", "object_repr": "Rita Row", "action_flag": 2, "change_message": "[{\"changed\": {\"fields\": [\"City\"]}}]"}}, {"model": "admin.logentry", "pk": 24, "fields": {"action_time": "2020-05-27T15:55:32.050Z", "user": 1, "content_type": 8, "object_id": "2", "object_repr": "Elisa Key", "action_flag": 2, "change_message": "[{\"changed\": {\"fields\": [\"City\"]}}]"}}, {"model": "admin.logentry", "pk": 25, "fields": {"action_time": "2020-05-27T15:57:33.834Z", "user": 1, "content_type": 12, "object_id": "7", "object_repr": "https://g.foolcdn.com/image/?url=https%3A%2F%2Fg.foolcdn.com%2Feditorial%2Fimages%2F529076%2Fjob-interview_gettyimages-623448940.jpg&w=700&op=resize", "action_flag": 1, "change_message": "[{\"added\": {}}]"}}, {"model": "admin.logentry", "pk": 26, "fields": {"action_time": "2020-05-27T15:59:52.717Z", "user": 1, "content_type": 9, "object_id": "5", "object_repr": "San francisco, California, Usa", "action_flag": 1, "change_message": "[{\"added\": {}}]"}}, {"model": "admin.logentry", "pk": 27, "fields": {"action_time": "2020-05-27T15:59:57.012Z", "user": 1, "content_type": 8, "object_id": "7", "object_repr": "Lane Aura", "action_flag": 1, "change_message": "[{\"added\": {}}]"}}, {"model": "admin.logentry", "pk": 28, "fields": {"action_time": "2020-05-27T16:02:52.519Z", "user": 1, "content_type": 12, "object_id": "8", "object_repr": "https://www.thebalance.com/thmb/euGqBm12Xi36h5NUVJvp95m0mhA=/2001x1501/filters:fill(auto,1)/56529158-56a493d15f9b58b7d0d7a4d4.jpg", "action_flag": 1, "change_message": "[{\"added\": {}}]"}}, {"model": "admin.logentry", "pk": 29, "fields": {"action_time": "2020-05-27T16:03:34.635Z", "user": 1, "content_type": 8, "object_id": "8", "object_repr": "Keyn Morker", "action_flag": 1, "change_message": "[{\"added\": {}}]"}}, {"model": "admin.logentry", "pk": 30, "fields": {"action_time": "2020-05-27T16:04:01.707Z", "user": 1, "content_type": 8, "object_id": "8", "object_repr": "Keyn Morker", "action_flag": 2, "change_message": "[{\"changed\": {\"fields\": [\"Phone\"]}}]"}}, {"model": "admin.logentry", "pk": 31, "fields": {"action_time": "2020-05-27T16:13:33.040Z", "user": 1, "content_type": 12, "object_id": "12", "object_repr": "https://photos.zillowstatic.com/cc_ft_384/ISvcdbta0pq4rb0000000000.webp", "action_flag": 1, "change_message": "[{\"added\": {}}]"}}, {"model": "admin.logentry", "pk": 32, "fields": {"action_time": "2020-05-27T16:13:53.941Z", "user": 1, "content_type": 12, "object_id": "13", "object_repr": "https://photos.zillowstatic.com/cc_ft_384/ISvcdbta0pq4rb0000000000.webp", "action_flag": 1, "change_message": "[{\"added\": {}}]"}}, {"model": "admin.logentry", "pk": 33, "fields": {"action_time": "2020-05-27T16:14:07.146Z", "user": 1, "content_type": 12, "object_id": "14", "object_repr": "https://photos.zillowstatic.com/cc_ft_384/ISbphztn857zqb0000000000.webp", "action_flag": 1, "change_message": "[{\"added\": {}}]"}}, {"model": "admin.logentry", "pk": 34, "fields": {"action_time": "2020-05-27T16:14:17.295Z", "user": 1, "content_type": 12, "object_id": "15", "object_repr": "https://photos.zillowstatic.com/cc_ft_384/ISjvjbcucdfwqb0000000000.webp", "action_flag": 1, "change_message": "[{\"added\": {}}]"}}, {"model": "admin.logentry", "pk": 35, "fields": {"action_time": "2020-05-27T16:14:27.540Z", "user": 1, "content_type": 12, "object_id": "16", "object_repr": "https://photos.zillowstatic.com/cc_ft_384/ISz7ozc7ltvqqb0000000000.webp", "action_flag": 1, "change_message": "[{\"added\": {}}]"}}, {"model": "admin.logentry", "pk": 36, "fields": {"action_time": "2020-05-27T16:18:18.381Z", "user": 1, "content_type": 15, "object_id": "1", "object_repr": "Top of the World Panoramic Views of SF Bay. - San francisco, California, Usa", "action_flag": 2, "change_message": "[{\"changed\": {\"fields\": [\"Main image\", \"Images\"]}}]"}}, {"model": "admin.logentry", "pk": 37, "fields": {"action_time": "2020-05-27T16:18:34.624Z", "user": 1, "content_type": 15, "object_id": "1", "object_repr": "Top of the World Panoramic Views of SF Bay. - San francisco, California, Usa", "action_flag": 2, "change_message": "[{\"changed\": {\"fields\": [\"Status\", \"Is verified\"]}}]"}}, {"model": "admin.logentry", "pk": 38, "fields": {"action_time": "2020-05-27T16:20:14.579Z", "user": 1, "content_type": 21, "object_id": "1", "object_repr": "Mark Fernardo - Top of the World Panoramic Views of SF Bay. - from  2020-05-27 to 2021-11-30", "action_flag": 1, "change_message": "[{\"added\": {}}]"}}, {"model": "admin.logentry", "pk": 39, "fields": {"action_time": "2020-05-27T16:21:28.656Z", "user": 1, "content_type": 19, "object_id": "1", "object_repr": "74 Crestline Dr, San francisco, California, Usa", "action_flag": 2, "change_message": "[{\"changed\": {\"fields\": [\"Latitude\", \"Longitude\", \"Is verified\"]}}]"}}, {"model": "admin.logentry", "pk": 40, "fields": {"action_time": "2020-05-27T16:22:04.291Z", "user": 1, "content_type": 15, "object_id": "1", "object_repr": "Top of the World Panoramic Views of SF Bay. - San francisco, California, Usa", "action_flag": 2, "change_message": "[{\"changed\": {\"fields\": [\"Main image\"]}}]"}}, {"model": "admin.logentry", "pk": 41, "fields": {"action_time": "2020-05-27T16:35:10.947Z", "user": 1, "content_type": 12, "object_id": "20", "object_repr": "https://www.williamsburgllc.com/wp-content/uploads/slider-1_D17059-0796_01-web.jpg", "action_flag": 1, "change_message": "[{\"added\": {}}]"}}, {"model": "admin.logentry", "pk": 42, "fields": {"action_time": "2020-05-27T16:35:18.372Z", "user": 1, "content_type": 12, "object_id": "21", "object_repr": "https://www.williamsburgllc.com/wp-content/uploads/slider-1_D17059-0796_01-web.jpg", "action_flag": 1, "change_message": "[{\"added\": {}}]"}}, {"model": "admin.logentry", "pk": 43, "fields": {"action_time": "2020-05-27T16:37:07.473Z", "user": 1, "content_type": 12, "object_id": "22", "object_repr": "https://photos.zillowstatic.com/cc_ft_768/ISvoapzukkbchv0000000000.webp", "action_flag": 1, "change_message": "[{\"added\": {}}]"}}, {"model": "admin.logentry", "pk": 44, "fields": {"action_time": "2020-05-27T16:37:17.077Z", "user": 1, "content_type": 12, "object_id": "23", "object_repr": "https://photos.zillowstatic.com/cc_ft_768/ISvoapzukkbchv0000000000.webp", "action_flag": 1, "change_message": "[{\"added\": {}}]"}}, {"model": "admin.logentry", "pk": 45, "fields": {"action_time": "2020-05-27T16:37:29.104Z", "user": 1, "content_type": 12, "object_id": "24", "object_repr": "https://photos.zillowstatic.com/cc_ft_384/ISrll8mqmuy08v0000000000.webp", "action_flag": 1, "change_message": "[{\"added\": {}}]"}}, {"model": "admin.logentry", "pk": 46, "fields": {"action_time": "2020-05-27T16:37:38.284Z", "user": 1, "content_type": 12, "object_id": "25", "object_repr": "https://photos.zillowstatic.com/cc_ft_384/ISjfjw3kimq38v0000000000.webp", "action_flag": 1, "change_message": "[{\"added\": {}}]"}}, {"model": "admin.logentry", "pk": 47, "fields": {"action_time": "2020-05-27T16:37:48.902Z", "user": 1, "content_type": 12, "object_id": "26", "object_repr": "https://photos.zillowstatic.com/cc_ft_384/IS7msededckquv0000000000.webp", "action_flag": 1, "change_message": "[{\"added\": {}}]"}}, {"model": "admin.logentry", "pk": 48, "fields": {"action_time": "2020-05-27T16:38:21.862Z", "user": 1, "content_type": 19, "object_id": "2", "object_repr": "Al basatin street, Sayada, Monastir, Tunisia", "action_flag": 2, "change_message": "[{\"changed\": {\"fields\": [\"Latitude\", \"Longitude\", \"Is verified\"]}}]"}}, {"model": "admin.logentry", "pk": 49, "fields": {"action_time": "2020-05-27T16:39:08.965Z", "user": 1, "content_type": 15, "object_id": "2", "object_repr": "A nice home in sayada city - Sayada, Monastir, Tunisia", "action_flag": 2, "change_message": "[{\"changed\": {\"fields\": [\"Main image\", \"Images\", \"Status\", \"Is verified\"]}}]"}}, {"model": "admin.logentry", "pk": 50, "fields": {"action_time": "2020-05-27T16:40:09.081Z", "user": 1, "content_type": 21, "object_id": "2", "object_repr": "Alan Pirder - A nice home in sayada city - from  2020-05-27 to 2021-06-18", "action_flag": 1, "change_message": "[{\"added\": {}}]"}}, {"model": "admin.logentry", "pk": 51, "fields": {"action_time": "2020-05-27T16:44:42.617Z", "user": 1, "content_type": 18, "object_id": "1", "object_repr": "Top of the World Panoramic Views of SF Bay. suggestions", "action_flag": 1, "change_message": "[{\"added\": {}}]"}}, {"model": "admin.logentry", "pk": 52, "fields": {"action_time": "2020-05-27T16:44:51.082Z", "user": 1, "content_type": 18, "object_id": "2", "object_repr": "A nice home in sayada city suggestions", "action_flag": 1, "change_message": "[{\"added\": {}}]"}}, {"model": "admin.logentry", "pk": 53, "fields": {"action_time": "2020-05-27T16:45:09.734Z", "user": 1, "content_type": 15, "object_id": "1", "object_repr": "Top of the World Panoramic Views of SF Bay - San francisco, California, Usa", "action_flag": 2, "change_message": "[{\"changed\": {\"fields\": [\"Name\"]}}]"}}, {"model": "admin.logentry", "pk": 54, "fields": {"action_time": "2020-05-27T16:46:21.866Z", "user": 1, "content_type": 13, "object_id": "2", "object_repr": ", Al basatin street, Sayada, Monastir, Tunisia", "action_flag": 2, "change_message": "[{\"changed\": {\"fields\": [\"Latitude\", \"Longitude\"]}}]"}}, {"model": "admin.logentry", "pk": 55, "fields": {"action_time": "2020-05-27T16:46:24.895Z", "user": 1, "content_type": 19, "object_id": "2", "object_repr": "Al basatin street, Sayada, Monastir, Tunisia", "action_flag": 2, "change_message": "[]"}}, {"model": "admin.logentry", "pk": 56, "fields": {"action_time": "2020-05-27T16:47:53.962Z", "user": 1, "content_type": 13, "object_id": "1", "object_repr": ", 74 Crestline Dr, San francisco, California, Usa", "action_flag": 2, "change_message": "[{\"changed\": {\"fields\": [\"Latitude\", \"Longitude\"]}}]"}}, {"model": "admin.logentry", "pk": 57, "fields": {"action_time": "2020-05-27T16:47:58.114Z", "user": 1, "content_type": 15, "object_id": "1", "object_repr": "Top of the World Panoramic Views of SF Bay - San francisco, California, Usa", "action_flag": 2, "change_message": "[]"}}, {"model": "admin.logentry", "pk": 58, "fields": {"action_time": "2020-05-28T23:03:28.883Z", "user": 1, "content_type": 6, "object_id": "d85c00577f6ab8830df911cde29571432c055493", "object_repr": "d85c00577f6ab8830df911cde29571432c055493", "action_flag": 1, "change_message": "[{\"added\": {}}]"}}]